"Title","Mean","SD"
"Performance Expectancy",1.3175,0.636435385565573
"Effort Expectancy",1.7925,0.735051018637482
"Social Influence",1.48,0.623591746791654
